{"accuracy": [0.9384646415710449, 0.9951393008232117, 0.9965423941612244, 0.9980456829071045, 0.9983964562416077, 0.9984465837478638], "loss": [0.14667318761348724, 0.0178491473197937, 0.013202161528170109, 0.007766758091747761, 0.005303460173308849, 0.006580101791769266], "val_accuracy": [0.5690519213676453, 0.5690519213676453, 0.5690519213676453, 0.5690519213676453, 0.5690519213676453, 0.5690519213676453], "val_loss": [5.3016438484191895, 6.63542366027832, 8.837597846984863, 9.97288703918457, 9.82066535949707, 10.714738845825195]}